,beta1,beta2,eps,lr,num_epochs,weight_decay
0,0.36130155909061434,0.17062872406840324,4.0908399224281316e-09,0.007396255052646735,11.0,0.07426799833774567
1,0.006541205015033484,0.9421823013424874,7.568320035934448e-09,0.03481313700943345,4.0,0.13014743328094483
2,0.8337753158211708,0.3814658617079258,1.213175281882286e-09,0.0027795858859352663,12.0,0.17103976607322693
3,0.478842188090086,0.577359069943428,9.814373254776002e-09,0.001101593573794389,14.0,0.0808928221464157
4,0.6817089541554451,0.012739886490628124,1.4670458436012268e-09,0.0878804194884555,2.0,0.22029588818550108
5,0.9503708757162094,0.8489264917373657,5.489565134048462e-09,0.016259448976611468,9.0,0.2760655045509338
6,0.15432905830442906,0.2857628402709961,3.211897909641266e-09,0.00023364758162315526,6.0,0.025087686628103255
7,0.7608384175300598,0.06599630608409643,8.149135112762451e-09,0.00012864318584201174,8.0,0.05576819032430649
8,0.08972091085463763,0.5008581628203392,5.540801584720611e-10,0.009964146101301755,8.0,0.24542398452758787
9,0.2956825080513954,0.35340931060910225,6.52972936630249e-09,0.05999281477445371,2.0,0.15118383765220642
10,0.6234125735163689,0.7887665299773217,4.749779999256134e-09,0.0008384357959343378,14.0,0.1499704599380493
11,0.19068057587742807,0.21882395853102207,6.158747673034668e-09,0.001900032889547705,13.0,0.20044081807136535
12,0.8930432333350181,0.6580839235782623,2.620990574359894e-09,0.026487017510093296,3.0,0.10071670711040497
13,0.7253782743215561,0.44648978984355925,9.145340919494628e-09,0.004070751884034784,11.0,0.006586450338363648
14,0.42883245250582697,0.8852545634508133,2.058103382587433e-09,0.000315037114956458,5.0,0.2946065068244934
15,0.11447367238998413,0.8130623354315758,8.92387628555298e-09,0.00027594553812741187,4.0,0.17942408323287964
16,0.7855949825048447,0.25332264286279677,2.2953131794929504e-09,0.003743561084766876,13.0,0.12173243165016173
17,0.5791417888998985,0.601501189649105,5.772182941436767e-09,0.01869179330751397,5.0,0.06511190682649612
18,0.2514155343174934,0.041266086068004366,3.0257418751716616e-09,0.0014083510000624533,11.0,0.2360823333263397
19,0.9343891655802726,0.9702271220684051,6.61198616027832e-09,0.0005909360201841137,9.0,0.034604714065790174
20,0.2320150308161974,0.4060892839729786,4.685862362384796e-09,0.04456219866272601,7.0,0.26658588051795956
21,0.3992036146223545,0.697928249001503,8.708992004394532e-09,0.008716662572710254,13.0,0.20985546112060546
22,0.6957380633354187,0.13428563211858272,1.0121045634150506e-11,0.00011855242074499365,2.0,0.09129954278469085
23,0.34044209790229796,0.48283387917280196,5.1130712032318116e-09,0.00015569555344182475,1.0,0.13955588936805724
24,0.5120669807195664,0.9172148278355599,3.6065781116485596e-09,0.01276312875554427,15.0,0.16163352727890015
25,0.8663281129002571,0.19420144432783126,9.582837820053101e-09,0.07268526541223853,7.0,0.2548934161663055
26,0.03910541985556483,0.6300381501317024,1.7143264412879943e-09,0.0010728255590584516,9.0,0.04625819027423859
27,0.6442725110650063,0.3248840209543705,8.118106126785279e-09,0.002296080430094596,10.0,0.2853983938694
28,0.4414019936621189,0.7646234575510025,6.792869418859482e-10,0.03397570372362524,6.0,0.015752430260181426
29,0.17225609001517295,0.09843749342858792,7.20302700996399e-09,0.004922381491744737,12.0,0.1091221421957016
30,0.9682940518856049,0.5367213664054871,4.0168514847755434e-09,0.0004038521701236709,4.0,0.1920640468597412
31,0.2672086057662964,0.24902722741663455,7.742959856987e-09,0.0004486714392384206,10.0,0.0020044597797095774
32,0.563838058590889,0.6843884214162826,9.584563225507737e-10,0.005496401497285695,7.0,0.29918949007987977
33,0.8010212565064431,0.4591630286872387,6.9359320402145384e-09,0.030417009087807256,14.0,0.20523265600204468
34,0.09855924070626497,0.8940290014743805,4.3454402685165405e-09,0.00206601037800249,1.0,0.09592357277870178
35,0.7116524875760079,0.09040657199174165,5.432066321372986e-09,0.0009625247556302092,4.0,0.15605006217956544
36,0.38377740016579626,0.5291752830147743,3.349382281303406e-09,0.06532233317575419,12.0,0.14510522782802582
37,0.24731880578398704,0.36419181579351423,9.871906638145446e-09,0.01420961033463002,5.0,0.05125829726457596
38,0.9185960941314697,0.8034559341073036,1.3295859098434448e-09,0.00017363351623151538,10.0,0.24993258118629455
39,0.05489838710054755,0.578279040813446,6.276665329933166e-09,0.00010648567450333145,11.0,0.2809220016002655
40,0.8510242635011673,0.017566720951348543,4.926732182502747e-09,0.00781625134749475,5.0,0.020229893177747725
41,0.5274931356310845,0.8674374965429306,8.402376770973206e-09,0.049670769785373596,13.0,0.0763754904270172
42,0.3245275545716286,0.3081807142496109,3.773145377635956e-10,0.0006575706349152864,3.0,0.2248142123222351
43,0.9842085952162742,0.7367244030833244,9.281170964241027e-09,0.0015730611459688693,2.0,0.12555571496486664
44,0.15682989044487478,0.17356491976976396,1.998291611671448e-09,0.02077248679374469,14.0,0.17563018798828126
45,0.4567057835161686,0.962705928504467,6.022647023200989e-09,0.003369560725087747,8.0,0.23166595101356505
46,0.6284795587062836,0.39809068804979325,2.680521607398987e-09,0.0002471236925412623,8.0,0.06948459148406982
47,0.8184701564311981,0.3297985410690308,5.791535973548889e-09,0.0003517378668128491,14.0,0.10454027652740479
48,0.022332832496613265,0.7656387004852295,2.9276257753372193e-09,0.0045220438637549555,3.0,0.19664720892906187
49,0.3453876112103462,0.12088204358518123,8.904491066932678e-09,0.023830469271127367,9.0,0.2901904106140137
50,0.5483417000770568,0.5552666691541672,2.39340603351593e-09,0.0017008400682545946,7.0,0.010959421098232268
51,0.13890235260128975,0.4857357173860073,8.494375348091126e-09,0.0007534236588622815,5.0,0.25975981950759885
52,0.9662848235964775,0.9240230886340142,3.0359793454408645e-10,0.05381908977892397,11.0,0.04139308333396911
53,0.6659173117876053,0.21073105815052987,6.8267327547073365e-09,0.011110964255981107,3.0,0.13504612147808073
54,0.4941474070250988,0.6504741269946098,4.392505288124085e-09,0.00014320758380495714,13.0,0.16614230275154113
55,0.6081072950363159,0.9966192702054978,9.485766291618347e-09,0.000209534418413516,12.0,0.21471213698387145
56,0.31147403132915497,0.43638785469532015,1.7341607809066773e-09,0.014606033883991532,4.0,0.08644187450408936
57,0.07380685132741928,0.7067293632030487,5.2104157209396365e-09,0.09780020294946787,10.0,0.030087507516145705
58,0.776265048801899,0.14699313913285733,3.5870260000228882e-09,0.0012280087189777888,6.0,0.2711043834686279
59,0.41340576168894766,0.8413451576828956,7.495459914207459e-09,0.003089322918442628,7.0,0.060520309209823604
60,0.7412923412919045,0.2777061879336834,3.801752924919128e-09,0.03888872662732019,9.0,0.24067293405532836
61,0.8772517100572587,0.6160953217148781,7.82549798488617e-09,0.00662443362844083,1.0,0.18420866131782532
62,0.2059858096987009,0.05196099305525422,8.942001312971116e-10,0.00046215946547396576,15.0,0.11694914996623992
63,0.9046799418926239,0.42532385033369063,9.950433969497681e-09,0.0005010030466229936,12.0,0.29672019481658934
64,0.20221409288048744,0.9845721772313119,1.2515628337860108e-09,0.0061077981819218944,3.0,0.004433813318610191
65,0.43281684932112696,0.1503114949017763,5.35342812538147e-09,0.042157029555165045,11.0,0.09803308546543121
66,0.7294425210356712,0.7110308373570442,3.427304029464722e-09,0.002848375064149374,5.0,0.20315878987312316
67,0.08561857764422894,0.265476083278656,7.01370120048523e-09,0.0013317475133835992,7.0,0.14260164499282837
68,0.7568920699954033,0.8300983500480652,4.2672598361968995e-09,0.09020854961130946,9.0,0.1585915982723236
69,0.6119018622636795,0.05656742713227868,7.66539454460144e-09,0.01583983313684535,3.0,0.2522274613380432
70,0.28402293419837954,0.6197184587717056,1.0368312150239944e-09,0.0001932685316175355,14.0,0.0489303320646286
71,0.6779760160446167,0.7770151972174645,5.944466590881348e-09,0.0001470995416729526,15.0,0.022550529241561888
72,0.47501427564024923,0.3421429126560688,2.758290767669678e-09,0.010813331269804207,1.0,0.27863695621490475
73,0.1424561048001051,0.5517577394843102,9.359545707702636e-09,0.05528145437102544,9.0,0.2222631275653839
74,0.9385857809185981,0.11640523161739111,1.9207262992858887e-09,0.0007332379842556248,7.0,0.07888669073581696
75,0.373048545062542,0.9361846271753311,8.324353694915772e-09,0.0017478475641800452,6.0,0.17769679427146912
76,0.5448261013627053,0.4969292024374008,4.5584216713905337e-10,0.02320252553232558,10.0,0.12345610857009887
77,0.8376261531114578,0.6463021037578582,6.354587078094483e-09,0.0046470012529277625,4.0,0.06704561859369278
78,0.010251272248104215,0.2075270884037018,4.84809398651123e-09,0.0003424676862052004,12.0,0.23414279222488402
79,0.44513868311047555,0.029972066659480334,6.748046875e-09,0.0002538466804415963,10.0,0.19418009519577026
80,0.6480966721773147,0.5897165116667747,4.47037935256958e-09,0.003279388328649224,5.0,0.10697181522846222
81,0.9801708460450173,0.3037649136185646,8.57285499572754e-09,0.021337493654082093,12.0,0.013071049377322197
82,0.1840373143851757,0.8639895409941674,2.2552739828824999e-10,0.001530957402825829,4.0,0.2881186544895172
83,0.5003085620999336,0.1846974307000637,8.826878070831298e-09,0.0006757260849354838,2.0,0.038887028396129605
84,0.32854243844747544,0.7488249675035477,2.4717330932617188e-09,0.04836060814600588,14.0,0.26229888796806333
85,0.03524316852539778,0.39482574418187144,5.8692574501037595e-09,0.008032019121958918,7.0,0.1684347867965698
86,0.862629472732544,0.9584729311466217,2.849397659301758e-09,0.00010367638873789844,10.0,0.13271575570106506
87,0.22038978467881679,0.6724023025631904,7.903825044631959e-09,0.00018822224261898338,8.0,0.08876468539237976
88,0.922844156384468,0.23802422694861888,8.165872842073441e-10,0.013101077245880813,8.0,0.2124292731285095
89,0.6917650396227837,0.8983914497494697,7.417231798171998e-09,0.0708103728877748,14.0,0.26855540871620176
90,0.3951279948055744,0.46254235857725146,3.879474401473999e-09,0.0008874311940713574,2.0,0.03260082453489303
91,0.7896935271620751,0.5178675012588501,5.288289785385132e-09,0.0022405979794847515,3.0,0.24273707270622252
92,0.118423823364079,0.07811550065875053,3.5083401203155516e-09,0.02805663215198378,13.0,0.058418235182762145
93,0.26292243468761445,0.8070180970430374,9.407695531845093e-09,0.005960845070579377,5.0,0.11450777649879455
94,0.5908051736354828,0.368737275749445,1.8126404285430908e-09,0.0004138521969702345,11.0,0.1866831064224243
95,0.16873303328454495,0.9059013297557831,5.568203330039978e-09,0.00037238546663632564,3.0,0.0716188833117485
96,0.9959633220434189,0.4705523276031017,3.133975565433502e-09,0.005336518589395409,13.0,0.22957053780555725
97,0.6321816524863243,0.6336098402738571,9.735845923423767e-09,0.031328281504463366,8.0,0.1728939414024353
98,0.4605644212067127,0.19874118795990944,1.5450683236122132e-09,0.0024892458865693142,9.0,0.12825768291950226
99,0.847203794181347,0.7526468659043312,7.645885348320008e-09,0.0009896786167267126,11.0,0.21738817691802978
100,0.05115818077325821,0.3138753041625023,1.1348000913858415e-09,0.07883590278321878,5.0,0.08376265168190002
101,0.31274996244907377,0.5410780983567238,7.032930254936219e-09,0.011773895295860383,13.0,0.027049407362937927
102,0.5156128878593444,0.10182635796815157,4.169019758701324e-09,0.0001688696813104748,3.0,0.2741367995738983
103,0.37982372859120367,0.26444562658667564,9.066966176033021e-09,0.00011536761014305456,4.0,0.24734278321266173
104,0.7075576347112655,0.8251686161756515,2.1356680989265443e-09,0.008952846938999408,12.0,0.05381373167037964
105,0.9069292557835579,0.03800685480237007,6.23692810535431e-09,0.043364854130606006,6.0,0.14709308445453642
106,0.23581553766131402,0.5972586650848388,2.543220818042755e-09,0.0006069448663091394,10.0,0.1541011691093445
107,0.5753793759942055,0.41850034600496294,6.451807618141175e-09,0.001371059370511603,9.0,0.10259662270545959
108,0.2788373352885246,0.9816550657153129,4.828417599201203e-09,0.01920586687270127,7.0,0.19859397411346436
109,0.10263125060498715,0.12986027450859547,8.227158188819885e-09,0.0036444183313645183,15.0,0.2919099032878876
110,0.8049977338314056,0.6944860097765923,4.755525290966034e-10,0.00028353330822999614,1.0,0.009245115146040915
111,0.7452345206737518,0.5130254176855087,8.630512356758117e-09,0.0003065660831079626,6.0,0.11908120214939116
112,0.4175121067464352,0.07718025648593903,8.81914421916008e-11,0.0041809451617760805,9.0,0.18211095929145812
113,0.21764124517142772,0.7845849795341492,6.690672039985657e-09,0.025774678190501846,2.0,0.2379343271255493
114,0.8887663512825966,0.3502110571861267,4.607987701892853e-09,0.0019514566176168703,14.0,0.06321997046470641
115,0.2999365248084068,0.6694508931040763,5.694461464881897e-09,0.0008162557487151587,12.0,0.26368056535720824
116,0.5964747546315193,0.23117404644191264,3.103969395160675e-09,0.061644348857788606,4.0,0.037476946413516996
117,0.7721968721151352,0.8817513501048088,9.001489281654358e-09,0.009700507856501204,10.0,0.09326373338699341
118,0.06982655567675829,0.44200345811247826,2.2169855237007144e-09,0.00013218392000116929,6.0,0.20792922377586365
119,0.954377899646759,0.15840814661979674,7.281255125999451e-09,0.00021544845997547037,5.0,0.16355021595954894
120,0.12715137711167335,0.7186369421482086,3.939129412174225e-09,0.017627892066389286,11.0,0.13759931623935698
121,0.49044144281744956,0.38606657946109774,8.03977906703949e-09,0.08103488772591397,3.0,0.04337862879037857
122,0.6620625445246696,0.9458149656057357,7.568994909524918e-10,0.001194301276827807,13.0,0.2578085660934448
123,0.026164753071963788,0.0016701983688399197,9.660908579826356e-09,0.0025640906280721904,14.0,0.017634747549891472
124,0.8221989263892173,0.565321504175663,1.6358461976051332e-09,0.03775800348674678,2.0,0.283553946018219
125,0.5601307843923569,0.289090723246336,5.035197138786316e-09,0.006822807153700837,8.0,0.18936991095542907
126,0.3572564263343811,0.8532222495675087,3.685263693332672e-09,0.0005568284667154976,8.0,0.11178327798843384
127,0.046689734883606435,0.35842318162322045,8.387623429298401e-09,0.0005394099594239075,1.0,0.20179486870765687
128,0.8739274295568467,0.793780936896801,3.13752181828022e-10,0.007039387861433824,15.0,0.0970176100730896
129,0.5104126408696175,0.068784733325243,6.29122793674469e-09,0.03604862462000681,7.0,0.0031076682731509208
130,0.3387417892813683,0.5036470143198967,4.990103840827942e-09,0.0026842415431977008,9.0,0.2957425475120544
131,0.974887533724308,0.4493092474937439,6.07650101184845e-09,0.0011416769895021088,10.0,0.04767399877309799
132,0.17889504937827588,0.8880733065605163,2.7050596475601196e-09,0.08479641840858501,6.0,0.25117313861846924
133,0.4407079962193966,0.22380778907239438,9.22758400440216e-09,0.01706922234476566,12.0,0.1572997748851776
134,0.6435630319118499,0.663067486166954,1.9740206003189087e-09,0.00022256837694922707,4.0,0.14151178300380707
135,0.25607273054122925,0.9374427543282509,6.882268786430359e-09,0.00013639519955911723,3.0,0.07763432264328003
136,0.5838144668340683,0.3767257787883282,4.321092963218689e-09,0.009398112519884858,13.0,0.22121163010597228
137,0.7829649376273156,0.7268267074227333,7.796737551689148e-09,0.06454017358705477,5.0,0.27734688520431516
138,0.11179814254492522,0.167565548568964,9.82917994260788e-10,0.0007793895304695171,11.0,0.02146127074956894
139,0.701355601966381,0.8458936246633529,9.886545538902283e-09,0.0020422693180515835,9.0,0.23277833461761474
140,0.4048671220242977,0.2827306877374649,1.3930338621139526e-09,0.024641732589653714,7.0,0.06602845788002014
141,0.22839414158463478,0.5725886785984039,5.4173892736434935e-09,0.0043195962054696155,13.0,0.12212706506252288
142,0.9307532858848572,0.007969756585545837,3.2858961820602417e-09,0.0002968835232460893,2.0,0.17671510577201843
143,0.6173529725074768,0.1894309338927269,5.185858607292176e-09,0.0002886436265711712,8.0,0.28675258755683897
144,0.2896074253320694,0.6252681160569191,3.5331910848617554e-09,0.003578743295623482,8.0,0.012053484097123146
145,0.08997297245264053,0.47980113118886947,9.510056376457214e-09,0.019310318195361866,2.0,0.10564350485801696
146,0.7611359640955925,0.9141825562119484,1.7877286672592163e-09,0.0013631997015342864,14.0,0.1932002305984497
147,0.42181250908970835,0.09537481661885977,7.889079451560974e-09,0.0006099901401872555,13.0,0.1314618319272995
148,0.7183123621344566,0.5336580122709275,9.089343249797822e-10,0.04317093951692962,3.0,0.16738282442092894
149,0.8942861169576645,0.3201444143950939,7.432069182395935e-09,0.009125737264702463,11.0,0.2610094964504242
150,0.19193844996392728,0.7598835532665252,3.787209391593933e-09,0.0001132407540331411,5.0,0.0377996563911438
151,0.828690943479538,0.6064851095080376,8.841024041175842e-09,0.00016581013429477667,6.0,0.03134635984897614
152,0.001441836627200246,0.046249522123485806,2.3787862062454223e-09,0.011984918816399981,10.0,0.2675017654895782
153,0.36448025196790695,0.8158816739916801,5.855041146278381e-09,0.07837622665414315,4.0,0.21113698482513427
154,0.536139670908451,0.2561415050625801,2.9422837495803835e-09,0.0009949626716774446,12.0,0.08767327666282654
155,0.15023550054430962,0.7007165050506592,6.851099133491516e-09,0.002477869860138029,15.0,0.18532100915908814
156,0.9462318404316902,0.1370745729357004,4.446149468421936e-09,0.03148234983840604,2.0,0.11349303424358367
157,0.6839273046255112,0.9752411717176437,8.469894528388978e-09,0.005237619841274861,10.0,0.05709167271852493
158,0.481076020270586,0.4111036015748978,2.498393505811691e-10,0.0003795391748631981,6.0,0.24175781607627866
159,0.7770494356155395,0.8702281343936921,6.505401134490967e-09,0.0004230945011063595,12.0,0.126691335439682
160,0.0745457531735301,0.3109710841476917,4.696173965930939e-09,0.005828842534649077,4.0,0.17215211391448973
161,0.30491210836172106,0.5832954722642899,8.173654079437256e-09,0.028280879126632016,10.0,0.227966433763504
162,0.6015608537793159,0.02258247507736087,6.078769639134407e-10,0.0022221416876937266,6.0,0.07083934843540192
163,0.20773052403330802,0.9676912774443627,9.208693504333497e-09,0.0008956570154710498,7.0,0.27246288657188417
164,0.8789814339280129,0.40307651335000994,2.072608768939972e-09,0.07019754766563917,9.0,0.0263465479016304
165,0.7337395888566971,0.739545170724392,6.0951280593872075e-09,0.013387976607059718,1.0,0.08212420642375946
166,0.40589897802472114,0.1763861637711525,2.6062181591987612e-09,0.00018428657489263928,15.0,0.21672073602676392
167,0.5520532615184784,0.4560979477465153,7.5047767162323e-09,0.00010136913245967448,14.0,0.15242435932159423
168,0.34905314433574675,0.8909642182588577,1.1984790861606599e-09,0.00821047366094432,3.0,0.14638618826866148
169,0.016746618278324604,0.2442852092832327,7.174128293991089e-09,0.047956880247219676,9.0,0.05217474997043609
170,0.8128989438414573,0.6796470880508423,4.1054216027259826e-09,0.0006810506539361255,7.0,0.2466736614704132
171,0.49686807945370676,0.35941987627744676,5.514007806777954e-09,0.0015175378388841009,5.0,0.0076805222779512405
172,0.6686225025057793,0.7986835182309151,3.26561838388443e-09,0.021532864574639834,11.0,0.2911686837673187
173,0.9616589480638504,0.08737240236997604,9.789968729019165e-09,0.003210457622956921,3.0,0.19699383974075316
174,0.1343219545930624,0.5261406295895577,1.413363516330719e-09,0.00025937659735240215,12.0,0.10181991755962372
175,0.32331599164009095,0.7036950670480728,9.568313360214233e-09,0.0003303608535400899,11.0,0.06165578216314316
176,0.5263275414705276,0.14395857502520085,1.6509929299354554e-09,0.00481479883151318,5.0,0.2371947169303894
177,0.8581348344683647,0.9918474497795104,5.127862691879272e-09,0.02209626181375919,13.0,0.18050900101661682
178,0.06199396388232708,0.4316153197288513,3.6701789498329165e-09,0.001834395228445119,3.0,0.11830376386642455
179,0.6282588252425194,0.6113533928990365,7.256652116775513e-09,0.0006979856116419676,2.0,0.2062528610229492
180,0.4565005317628384,0.047219484776258466,4.041160643100738e-09,0.058092385124231406,14.0,0.0925583928823471
181,0.16298010411858557,0.8382800171971321,8.064290285110475e-09,0.010444254517225538,8.0,0.03583608269691467
182,0.9903133313655853,0.27464158335328104,6.547869741916657e-10,0.00015234675682924376,8.0,0.26301076412200924
183,0.09637245655059815,0.12370290798693895,5.718443393707276e-09,0.00020026700221266656,10.0,0.2561339735984802
184,0.798879957318306,0.5580877940654755,3.0013182759284974e-09,0.0152813772596936,7.0,0.042673900723457336
185,0.5680219908356666,0.33478377091884615,8.977577686309814e-09,0.09468473629912073,14.0,0.13596242666244507
186,0.27137705630064013,0.7706246448755264,2.319698631763458e-09,0.001268376998791523,2.0,0.16288323998451232
187,0.9154489601254463,0.21574731096625327,8.72370719909668e-09,0.0029935039681729487,4.0,0.11021619737148285
188,0.2441866622418165,0.6554899629950524,7.36453291028738e-11,0.0401341835833041,12.0,0.1886262595653534
189,0.3889521618783474,0.4885265338718891,6.597385406494141e-09,0.006326295698595055,5.0,0.2819514513015747
190,0.7167812805175782,0.9268133692145347,4.622452557086945e-09,0.0004839508097880751,10.0,0.01685562953352928
191,0.3929560894668102,0.5470162870287896,6.1734992265701294e-09,0.00047093582224918553,8.0,0.16945611834526061
192,0.6896086159944534,0.11166334001719952,2.5286391377449038e-09,0.006497518700088987,8.0,0.1293517380952835
193,0.9270432130694389,0.7739505330920219,9.13050949573517e-09,0.03905491516391835,14.0,0.07272210270166397
194,0.2245433638393879,0.33907771262526515,2.1503642201423646e-09,0.003074528439391161,2.0,0.22612355947494506
195,0.5876424388289452,0.6432675694227219,8.251562714576722e-09,0.0012348207107096435,3.0,0.023465120047330857
196,0.2598056686520576,0.20449279224872588,5.292348191142083e-10,0.09729105924900662,13.0,0.2753773212432861
197,0.1235832150131464,0.9314120922088623,6.427364945411682e-09,0.0148771133023406,5.0,0.2186378538608551
198,0.7948379209041595,0.49215738201141357,4.774697124958038e-09,0.00020577997715685387,11.0,0.0801692247390747
199,0.18284136714041233,0.15532736067473887,9.711326956748963e-09,0.00014047965388120734,10.0,0.14835193455219267
200,0.9789898892641068,0.7160471497178078,1.4912715554237367e-09,0.011323227101062152,6.0,0.15049855113029478
201,0.6552226057648659,0.4281141011416912,5.592531561851502e-09,0.053567353946975454,12.0,0.24376763105392454
202,0.4522186479270458,0.9873629341721535,3.1875815987586976e-09,0.0007567281102057995,4.0,0.05504513382911682
203,0.862393853008747,0.05938855948671699,7.0965492725372315e-09,0.0016921750661386475,2.0,0.29302225112915037
204,0.035053037490695715,0.6225393455028534,4.183792173862457e-09,0.023965340132904234,14.0,0.005789006687700748
205,0.33467754256725313,0.27046202766895294,7.58253276348114e-09,0.004441515190359294,7.0,0.09916799068450928
206,0.5064281845092773,0.8350835798978805,1.1202947795391083e-09,0.00035830604029418717,10.0,0.19967885613441466
207,0.9422816820144654,0.9033772750496865,7.986077666282654e-09,0.00023916626896998422,15.0,0.23449653983116148
208,0.14613701543211938,0.46752770751714706,7.3251411318779e-10,0.0034805560051616555,1.0,0.06431400775909424
209,0.4694126950800419,0.6752235465645791,7.334994673728943e-09,0.019855083090954417,9.0,0.12018441259860992
210,0.6724204042553902,0.24084496481716633,3.963553011417389e-09,0.00164521188879027,7.0,0.1786640167236328
211,0.012986821632832289,0.8098084967136383,5.049797892570496e-09,0.0006282650201263111,6.0,0.08967942595481872
212,0.8403162193894387,0.3715279731452465,3.7486734986305234e-09,0.052014784028214696,10.0,0.20916978120803834
213,0.5402153502702713,0.5228832181692123,9.646193385124207e-09,0.007574122135528357,4.0,0.26493027806282043
214,0.368453275680542,0.08313188000768423,1.5723219513893127e-09,0.00010994674168660899,12.0,0.03388349264860153
215,0.7302120215892792,0.29899249774217607,6.675880551338196e-09,0.0001793353918363233,12.0,0.0446374699473381
216,0.4335708681643009,0.8592176014780998,4.54438716173172e-09,0.013750699683780546,3.0,0.254205983877182
217,0.19563706035912037,0.026937389044091105,8.645036816596984e-09,0.06831168658311697,11.0,0.15997509956359862
218,0.8981483868956566,0.5866823346018791,1.5152491629123688e-10,0.0009199245523794773,5.0,0.13883070051670074
219,0.2857832642197609,0.3917610205113888,9.055304527282715e-09,0.0021632937339970907,7.0,0.19048229455947877
220,0.6136162235140801,0.9554079097509384,2.2414854168891906e-09,0.029058558172919156,8.0,0.10832714438438415
221,0.7493546801805496,0.17995603778958322,5.640836358070373e-09,0.005674488162783511,3.0,0.014206096529960632
222,0.07809618573635817,0.7440829195976257,3.07966023683548e-09,0.00043472968544662293,14.0,0.2846388459205627
223,0.656993772983551,0.03494355649128556,9.305768013000488e-09,0.0003898628339843892,5.0,0.09457696974277496
224,0.4853267025053501,0.5941960254907608,1.8962645530700685e-09,0.005097435558699912,11.0,0.20427117347717286
225,0.13034544749557972,0.2597056627571583,5.998129844665527e-09,0.03233874239857419,3.0,0.29780511260032655
226,0.9575869604945183,0.8204289500713349,2.782638072967529e-09,0.002411553438303499,13.0,0.001005153078585863
227,0.35314799720048906,0.1250902702063322,6.3692641258239745e-09,0.0010224313723908509,14.0,0.24862487912178038
228,0.5560068735480308,0.6897154993414879,4.9115800857543945e-09,0.07630871512439977,2.0,0.05018918216228485
229,0.8244021524190903,0.41546807438135147,8.309714794158935e-09,0.012315813447875969,8.0,0.1438330113887787
230,0.028413467790931464,0.9786223177313804,3.9239417761564256e-10,0.00016143645826666056,8.0,0.1550164818763733
231,0.8827216365337371,0.6363988108634949,5.338865518569947e-09,0.00012275473808439648,6.0,0.2235036849975586
232,0.21155105289816856,0.20152950355410576,3.3639323711395265e-09,0.008413777278817675,9.0,0.0753024011850357
233,0.4177792853415012,0.9109156175851821,9.965187311172486e-09,0.04679805096369629,2.0,0.018957066535949706
234,0.7455171809792519,0.4755663177073002,1.3151252269744873e-09,0.0005624015275676838,14.0,0.27988666892051695
235,0.06279100401699543,0.5460615418553353,7.718981504440307e-09,0.0014783934492533025,12.0,0.06813966482877731
236,0.7651463225483894,0.10681030015647411,1.0611023008823396e-09,0.01781178268908891,4.0,0.2307050049304962
237,0.597702275633812,0.7554657281041145,6.9598472118377686e-09,0.003881161551942494,11.0,0.1742498517036438
238,0.3012100145816803,0.31669464272260667,4.242721796035767e-09,0.00026624452769790746,6.0,0.12455930113792418
239,0.2404578625112772,0.3888853225708008,7.353726625442505e-09,0.0003218350966988596,4.0,0.00961495041847229
240,0.9116170581579208,0.9486344232559204,3.864816427230835e-09,0.003982703752959184,12.0,0.28923100233078003
241,0.7049124653935432,0.16339170920848847,7.967292070388794e-09,0.02671279356159282,6.0,0.19526497721672056
242,0.3771630775630474,0.7236207429170608,8.312071859836579e-10,0.0018829920696234168,10.0,0.10354316532611847
243,0.8106308732628822,0.2941051599383354,9.432176351547242e-09,0.0008452269053230385,9.0,0.16483216881752014
244,0.10827938794344663,0.858236180126667,1.866399049758911e-09,0.05953005519350819,7.0,0.13397462368011473
245,0.27523182356357573,0.004459011722356081,5.263923406600952e-09,0.010192014002904254,15.0,0.04011842161417007
246,0.5717278954982757,0.5681098793148994,3.4546959400177e-09,0.00012580734626037096,1.0,0.25872373580932617
247,0.4681331317126751,0.781552827000618,8.548564910888673e-09,0.00022861651422344644,2.0,0.2697959303855896
248,0.6397963317632676,0.3471781901121139,1.7195947468280793e-10,0.016611942537531413,13.0,0.02901654615998268
249,0.9942936195731163,0.5082552645206452,6.7726039886474614e-09,0.08710085315672791,7.0,0.08517124950885772
250,0.16704834035038948,0.07240985769778491,4.524214267730713e-09,0.0011110933757589058,9.0,0.21367895007133483
251,0.5222212559580803,0.8770113267302513,5.932648181915284e-09,0.002758417881344414,11.0,0.11560184955596924
252,0.3193738122582436,0.43726397064328193,2.8639411926269532e-09,0.03509858239958989,5.0,0.18324528336524962
253,0.05047929660603404,0.666387658059597,8.763296604156494e-09,0.0072339247494357314,13.0,0.23929009437561033
254,0.846479428768158,0.22811125798523427,2.4569988250732424e-09,0.0005251950174818312,4.0,0.05952144563198089
255,0.48748723474144934,0.9694314812421798,8.785893321037293e-09,0.0005256890896661332,13.0,0.14328039586544036
256,0.6592229011058808,0.4092000955045223,2.4356360733509063e-09,0.007175389014299223,2.0,0.1555619180202484
257,0.9593511609435081,0.6949373016357422,5.912501215934754e-09,0.03564598790522596,9.0,0.24939064979553222
258,0.1319953214675188,0.1352015241533518,2.8877636790275576e-09,0.0026965605914422903,7.0,0.04941629022359848
259,0.5572913791537285,0.8139743272662163,6.791524291038513e-09,0.0011279881470987784,5.0,0.2986467003822327
260,0.35430293279886244,0.2503356254696846,4.508969485759735e-09,0.0852585324813364,11.0,0.00016160113736987113
261,0.03100891700014472,0.6046082498431206,8.532103896141052e-09,0.016648897477784894,4.0,0.0941001534461975
262,0.827172902226448,0.040474125869572164,1.8965445458889008e-10,0.00022667484837712705,13.0,0.20474594235420226
263,0.2127359991967678,0.32604172539710996,5.25355875492096e-09,0.0001256357264155596,12.0,0.17377474308013915
264,0.8839751787185669,0.7618823611736297,3.4687313437461852e-09,0.010270793818865634,4.0,0.12503693997859955
265,0.7482569673657418,0.1013026518970728,9.44498598575592e-09,0.05859132941403588,10.0,0.0689829647541046
266,0.42040474525094035,0.5356873072385788,1.8548186123371124e-09,0.000864254230942688,6.0,0.2298643112182617
267,0.767406414091587,0.4817961282134056,7.941043972969055e-09,0.0018555650683585597,7.0,0.019729135930538176
268,0.06492153299599886,0.9200837078690529,8.586844801902772e-10,0.02730143902506598,9.0,0.2791212201118469
269,0.30282987785339355,0.1914564179778099,7.382429242134095e-09,0.003975552385469087,1.0,0.22295735478401182
270,0.5994974395036697,0.6311997547745705,3.839784562587738e-09,0.0003247297769884629,15.0,0.07585526704788208
271,0.9099519406557083,0.574614162683487,6.975107789039612e-09,0.00026948913600280145,9.0,0.04074486494064331
272,0.23870890559256078,0.013901398094370961,4.223788678646088e-09,0.003858693337364421,6.0,0.2581044852733612
273,0.37491870591044424,0.8478886216878891,7.701264023780823e-09,0.01825430215176427,14.0,0.16443318128585815
274,0.7027671766877175,0.2886318393945694,1.0775884985923768e-09,0.001451652815585124,2.0,0.1343807190656662
275,0.10552387422323227,0.7327545352578163,9.986537098884583e-09,0.0005771246960119254,4.0,0.1949366569519043
276,0.8080201805233955,0.16959484353661536,1.2925441563129426e-09,0.04593390794134396,12.0,0.10387346148490906
277,0.5705882034301758,0.943340095102787,5.315068364143372e-09,0.008512868865774563,6.0,0.010312049835920333
278,0.2739320744276047,0.3787245866954327,3.3840569853782653e-09,0.00012220066785428537,11.0,0.2885359346866608
279,0.637155628323555,0.22193092940747738,8.28225314617157e-09,0.0001594250157434096,11.0,0.2399843394756317
280,0.46540858885645864,0.6572920936346054,4.186292737722397e-10,0.012382262913217076,5.0,0.05882466584444046
281,0.16577955463528632,0.44740190076828,6.3942736387252805e-09,0.07442770355004792,13.0,0.11527065932750702
282,0.9931239168047905,0.8822674269676208,4.882902801036835e-09,0.0010408299023935235,3.0,0.18357385396957396
283,0.3175938919186592,0.06300552246719598,5.984081625938416e-09,0.0023510149879129626,2.0,0.08476483225822448
284,0.5205860896110535,0.501773965537548,2.7930185198783875e-09,0.03296090839237119,14.0,0.21407876014709473
285,0.844364150762558,0.3526134911477566,9.317373633384705e-09,0.005040241528014192,8.0,0.2704149305820465
286,0.04820396153256297,0.7918774010539055,1.8834324181079865e-09,0.0003917970252168422,8.0,0.028390994668006896
287,0.6868531097173691,0.4866534850895405,5.65854549407959e-09,0.0004352360384117963,3.0,0.21845830678939818
288,0.39034539672732355,0.9210341657996177,3.06316614151001e-09,0.005627458854815946,13.0,0.08035530745983123
289,0.22340367177128792,0.21384377512335778,9.04003620147705e-09,0.029506707696438313,5.0,0.02460397034883499
290,0.9257434639334678,0.6496802725195885,2.260410636663437e-09,0.0021153115223229526,11.0,0.2742450892925262
291,0.25814055114984513,0.3290083783864975,8.668825626373291e-09,0.0009336787379034376,8.0,0.07378570139408111
292,0.5858934819102287,0.7687477852106094,1.3139241375029088e-10,0.06687824049247366,7.0,0.22506256699562072
293,0.7925935492515565,0.11789702095091342,6.65452241897583e-09,0.013784013400317471,13.0,0.16920132637023924
294,0.12143793375045062,0.5561804473400116,4.566960334777832e-09,0.00017777247187207405,3.0,0.12960907816886902
295,0.9772099689245224,0.8403093121647834,9.621175527572632e-09,0.00010977215685151271,1.0,0.09891032874584198
296,0.18120626033842563,0.28056941118836404,1.60099133849144e-09,0.007634175402768977,15.0,0.19993447065353392
297,0.45010336992144584,0.613352200806141,5.077251195907593e-09,0.05120335661122721,7.0,0.29408299326896664
298,0.6529472706913948,0.05311683299392462,3.722430467605591e-09,0.000642247411450471,9.0,0.0047263003885746
299,0.03241233405098319,0.9977790884971619,7.3233807086944584e-09,0.0016216542152564994,10.0,0.24489904046058653
300,0.8596693101525307,0.43364080381393433,3.976377248764038e-09,0.02028913599396156,6.0,0.05390660315752029
301,0.5051593987941742,0.7095962187051773,8.000117540359497e-09,0.0034736197294058,12.0,0.14816495776176453
302,0.3335078397989273,0.14595357204973697,7.221257686614991e-10,0.00024137150816064607,4.0,0.15067834854125975
303,0.147421521037817,0.09327356147021056,7.60269045829773e-09,0.00036260096877712886,6.0,0.2659160614013672
304,0.9434366176128387,0.5281356266140937,1.0964834690093994e-09,0.004416792241593134,10.0,0.03289116024971008
305,0.6750158534646035,0.3653515149950981,7.07396388053894e-09,0.02456688896650562,4.0,0.08963979184627532
306,0.47218344488739966,0.8007090023159981,4.2051661014556884e-09,0.0016612830583164506,12.0,0.20920280814170836
307,0.8424767516255379,0.24628401719033718,5.609003305435181e-09,0.0007766715926517072,14.0,0.12007352113723754
308,0.015215948824770748,0.6855444288253785,3.169897794723511e-09,0.052565052793371814,2.0,0.1787722885608673
309,0.3702174761295319,0.45812724271416666,9.69241738319397e-09,0.011454018356123523,10.0,0.23541108369827268
310,0.5418652242422104,0.8968920460939407,1.5065275132656098e-09,0.00013987320978895348,7.0,0.06339692920446395
311,0.4358309597074986,0.7337392911314964,6.414566040039063e-09,0.00020325621667625172,8.0,0.015122350305318832
312,0.7323425431251526,0.17447881704568863,4.786288738250732e-09,0.01495403232476496,8.0,0.28372464179992674
313,0.8997682501673698,0.961915884912014,8.261938095092774e-09,0.09486908043943182,2.0,0.19037312865257264
314,0.19743222422897816,0.4011996536850929,5.152105540037156e-10,0.0012572564876958733,14.0,0.10843828618526459
315,0.6148011698126793,0.5813919364213943,9.101817607879639e-09,0.002996833644903037,13.0,0.1599417507648468
316,0.2870368064045906,0.016772780880331992,2.175407260656357e-09,0.03981625993265223,3.0,0.13887115716934204
317,0.08083596467971801,0.8683550856113433,6.199758052825928e-09,0.0064260546845793945,11.0,0.045629552006721495
318,0.7519801400899887,0.30519188073277476,2.50117301940918e-09,0.00047317861144141273,5.0,0.2532210946083069
319,0.0768210956901312,0.18573143032193185,6.576041579246521e-09,0.0004860362031025714,7.0,0.08311429023742675
320,0.7791647136211395,0.7459597792625428,4.645029902458191e-09,0.006253892133922233,10.0,0.21573269963264466
321,0.6031959605813026,0.3975669001042843,8.747510313987733e-09,0.04089837738860913,2.0,0.27242753505706785
322,0.3066920287013054,0.9573152564764023,5.3517278283834457e-11,0.002916559496787716,14.0,0.026383864134550093
323,0.8801511366963386,0.028810443408787252,8.962313532829285e-09,0.0012919968571158897,12.0,0.22786041498184204
324,0.2089993097484112,0.5924615380167961,2.3386378586292266e-09,0.09236870444179905,4.0,0.07095248848199844
325,0.40862352088093756,0.30089603358507155,5.7361572980880735e-09,0.015367319549250932,10.0,0.12761073410511017
326,0.7363802922964096,0.8650272919535636,2.9848378896713257e-09,0.0001979001392886786,5.0,0.17123989462852476
327,0.35035289347171783,0.516951579451561,8.078344464302063e-09,0.00015162863413398437,5.0,0.19790580868721008
328,0.5531929535865784,0.0811063884794712,6.444031000137329e-10,0.010560683127227768,11.0,0.10090141296386719
329,0.8155096365809441,0.8039073450565338,7.245052456855774e-09,0.05698307581575621,3.0,0.007567060366272926
330,0.019502130137756465,0.3695329761207104,4.053989052772522e-09,0.0007161001967171062,13.0,0.2912755250930786
331,0.6707677912116051,0.6731942515969277,5.155320763587952e-09,0.0018016129196615973,14.0,0.05213654637336731
332,0.4991124511063099,0.23491713698208333,3.643949627876282e-09,0.022659775551189622,2.0,0.24670926332473753
333,0.13607091151177883,0.901378467142582,9.54330027103424e-09,0.0047899067411237345,8.0,0.1534115731716156
334,0.963324065566063,0.46163036674261093,1.6796763241291045e-09,0.00033445408283673084,8.0,0.145396426320076
335,0.5245323776006698,0.26846321976184845,9.77105438709259e-09,0.00026165008736379886,3.0,0.03565225079655647
336,0.3216961283683777,0.8291862391233444,1.4286047220230103e-09,0.003202614076321487,14.0,0.2631925642490387
337,0.05986343490332365,0.05735926079750061,5.530474781990051e-09,0.021993813306690865,7.0,0.20738743543624877
338,0.8558747429251671,0.6166115176677703,3.2479196786880493e-09,0.0014951433233331122,9.0,0.09142186045646668
339,0.45387507185339926,0.4222129494845867,7.151528000831604e-09,0.0006965174729165748,11.0,0.18156774044036864
340,0.6255190388560296,0.9853679371476174,4.1267901659011845e-09,0.047229753007731023,5.0,0.11723791658878326
341,0.9890597891807557,0.14939572195708753,7.524920105934143e-09,0.008279307679922136,12.0,0.061396121978759766
342,0.16179515781998635,0.7140216656327247,1.174662709236145e-09,0.00010125384962626865,3.0,0.2374471843242645
343,0.7961092075109482,0.9333156280517578,6.121382117271424e-09,0.00018260771062023165,4.0,0.28169808983802797
344,0.09377699989825487,0.49796707248687744,2.5787371397018434e-09,0.013415063799747105,12.0,0.01711554117500782
345,0.2702221207022667,0.6451406182050705,9.179996848106385e-09,0.0686975678087547,6.0,0.11128122210502624
346,0.566737485229969,0.21027199566364288,2.0976372063159944e-09,0.0009086921158479594,10.0,0.18756784200668333
347,0.24253678826987743,0.7797564126849175,8.184015154838563e-09,0.0021737060816030443,9.0,0.13709870874881744
348,0.9136847596764565,0.340985059350729,5.938476696610451e-10,0.028728293510867368,7.0,0.16174957752227784
349,0.7145521523952484,0.5527916795611382,6.492587924003601e-09,0.005782838302634465,15.0,0.255951851606369
350,0.38679162964224817,0.11354020712524653,4.707760214805603e-09,0.00042375616004402893,1.0,0.04285855740308762
351,0.8713019696474076,0.6682950047850609,8.453419208526612e-09,0.0003812701593947609,11.0,0.15792135000228882
352,0.04394995594024658,0.23391713757812976,2.675292454659939e-10,0.005176789254693219,6.0,0.1408876597881317
353,0.3374882470965385,0.8788881863951683,6.870005130767822e-09,0.0320754645531383,12.0,0.04727015197277069
354,0.5092276945710182,0.4430393334031105,4.430899322032929e-09,0.002414719949092771,4.0,0.25157436132431027
355,0.17709988550841807,0.514064954996109,5.8348894119262695e-09,0.0010132639980301031,2.0,0.002775052562355995
356,0.9732676704525948,0.07431340098381042,2.9660913348197936e-09,0.07647422068005434,15.0,0.29606854319572445
357,0.6414325103759766,0.787332030415535,8.863615989685059e-09,0.012054386377861642,6.0,0.20248768329620362
358,0.438447904676199,0.3490512388944626,2.3574088513851165e-09,0.00016380947197666243,10.0,0.09631825983524323
359,0.5821645928621292,0.002464011906646192,7.460757493972778e-09,0.0001126787674815286,8.0,0.1228261649608612
360,0.25430853009223936,0.562208727657795,3.7621721625328065e-09,0.009229048171245596,8.0,0.1760231852531433
361,0.10956902186572552,0.29207970562577246,7.862817049026489e-09,0.042354934140310864,14.0,0.2324520170688629
362,0.7808044053912163,0.8523045414090157,9.364065527915954e-10,0.0006256808506247617,2.0,0.06636189669370651
363,0.40209637221693995,0.15749436843395234,9.522861242294311e-09,0.0013391379959417317,3.0,0.276944750547409
364,0.6987601527571679,0.7216219350099563,1.7761336266994476e-09,0.019798869637893617,13.0,0.021865370124578475
365,0.9295983502864837,0.3829574947357178,5.1754891872406005e-09,0.003559631753470102,5.0,0.07825762331485749
366,0.22710963597893716,0.946605128288269,3.5472115874290466e-09,0.0002922930737717263,11.0,0.22059037685394287
367,0.2907771281003952,0.7495379002690316,5.393596887588501e-09,0.000299434415677868,13.0,0.2604617357254028
368,0.6186217582225799,0.3146653477549553,3.306034505367279e-09,0.0043101217324790315,3.0,0.03834995180368423
369,0.763860506951809,0.5401642010807991,9.907900094985962e-09,0.025174870217178336,11.0,0.1322324752807617
370,0.09261366844922304,0.1048114848062396,1.3704666495323182e-09,0.0020117336443987795,5.0,0.16661480069160461
371,0.7205876972079277,0.9088901335000992,7.77903437614441e-09,0.0007972471945997035,8.0,0.10648937523365021
372,0.4239277870953083,0.46963467898964883,9.994086623191834e-10,0.06354737356294397,9.0,0.19236096739768982
373,0.19357355676591395,0.6344038138389587,6.8975436687469485e-09,0.00947453122959654,2.0,0.28628007173538206
374,0.8960660372972489,0.19562835189700126,4.302164018154144e-09,0.0001362634309784414,13.0,0.012532548978924751
375,0.0035871206810697913,0.42124727779626847,9.239194393157959e-09,0.00022057851771613106,15.0,0.056611713767051694
376,0.8309353151321411,0.9804953665137291,1.961202472448349e-09,0.01709947648542622,1.0,0.24223058223724364
377,0.5378886278271675,0.13089996068179607,6.0624575614929204e-09,0.08296593924890278,9.0,0.1861594498157501
378,0.3661453694701195,0.6916190351843834,2.715453803539276e-09,0.0011585215232613334,7.0,0.11264748573303222
379,0.9475315895676613,0.26158252242207525,6.316251754760742e-09,0.0026252147541903498,6.0,0.21190475821495056
380,0.1513751926124096,0.8262043426036835,4.961430728435516e-09,0.03662713067804421,10.0,0.08690352737903595
381,0.4836867130100727,0.036850906938314436,8.360176086425781e-09,0.006985577893219804,4.0,0.03079574480652809
382,0.6866828109025955,0.6000019050836564,3.3999178558588026e-10,0.0005401611027160239,12.0,0.2680503487586975
383,0.9972478276491166,0.09653015414625406,5.013841390609742e-09,0.0005523391893814705,11.0,0.028041764348745345
384,0.16988796888291835,0.5309154868125916,3.7078297138214112e-09,0.006829425989779155,5.0,0.27315105199813844
385,0.463159870415926,0.3230071612894535,9.684699773788452e-09,0.03691212690047741,13.0,0.21735511422157286
386,0.6349524022936821,0.7588480650186539,1.6157065331935883e-09,0.0026041413504051167,3.0,0.08380226790904999
387,0.053318705566227434,0.1883917538523674,8.024502992630005e-09,0.001169012722620204,2.0,0.17278563380241393
388,0.8494329223036766,0.6281346142888069,7.75827094912529e-10,0.08226518681841519,14.0,0.12836852073669433
389,0.5173770883083344,0.47705467575788496,7.298957109451294e-09,0.0174776636569409,8.0,0.07253600656986237
390,0.3143998364210129,0.9153417790532112,3.922637701034546e-09,0.0002159212901677436,8.0,0.2286560297012329
391,0.7098177262544632,0.6999232460260392,9.015536308288574e-09,0.00013320255551754967,9.0,0.29282416105270387
392,0.3819542501270771,0.14018678377568722,2.2065947949886324e-09,0.009687053314594452,6.0,0.008328885957598686
393,0.23743540093302726,0.9722526061534882,5.682854652404786e-09,0.06303020005382053,14.0,0.10248546302318573
394,0.9087244196534157,0.41202092269062995,3.1167912483215334e-09,0.0008033606115272131,2.0,0.1987031042575836
395,0.2800222815871239,0.6073985304236412,6.718122959136963e-09,0.001994518623881397,4.0,0.14705257415771483
396,0.5766329181790352,0.04326489025354385,4.581751823425293e-09,0.025400001018560207,12.0,0.15413448214530945
397,0.8077375202178955,0.8189901632666587,8.605492115020753e-09,0.00421864665678024,6.0,0.2483277082443237
398,0.10525670307129621,0.25535193783044813,1.1686799116432668e-10,0.0003060226985734158,10.0,0.052821694314479826
399,0.4147566004693508,0.45241761767864225,8.208255767822266e-09,0.0002819003362707922,12.0,0.09307759702205658
400,0.7426238279342652,0.8872838584184647,4.908061027526855e-10,0.0036889402773027575,4.0,0.20810873508453367
401,0.8876266592144966,0.2247212993055582,6.468286514282227e-09,0.018858909204144212,10.0,0.264812833070755
402,0.21634149603545666,0.6600827314853668,4.810731410980225e-09,0.0014051549292288523,6.0,0.036338136345148084
403,0.5948096371293068,0.35543479469418526,6.2143397331237794e-09,0.0005957236728944491,7.0,0.2389953553676605
404,0.2981875678896904,0.794698168694973,2.5646018981933596e-09,0.04449909031330769,9.0,0.06215639859437942
405,0.06758219146728515,0.06799129566550255,9.087121486663818e-09,0.008912173987505519,1.0,0.11882384419441222
406,0.7700515834093093,0.5067593144774437,2.1118639409542082e-09,0.0001167228478938542,15.0,0.18236571550369263
407,0.125371456772089,0.8431472883224488,7.0591914653778074e-09,0.00016977684369755643,13.0,0.18911426067352294
408,0.9527427928447724,0.28388979148864746,4.141546487808227e-09,0.011626930933216666,2.0,0.11204088628292083
409,0.6599472665190697,0.5715493794679641,7.617195844650269e-09,0.08025218282594619,9.0,0.018697495758533477
410,0.4881661077439785,0.010836355299688875,1.1598359793424606e-09,0.0009652542021937589,8.0,0.28249323964118955
411,0.8195582229495049,0.9403054416775704,9.746214151382447e-09,0.0025372122961997254,5.0,0.044517186284065244
412,0.02344021579809487,0.3756904691755772,1.5310464799404145e-09,0.03054273088170197,11.0,0.2566771924495697
413,0.35598764061927796,0.7279821193814278,5.555397272109985e-09,0.00536311617711729,3.0,0.1633703827857971
414,0.558961081624031,0.16482284447550774,3.1455695629119872e-09,0.00036821584658837636,13.0,0.13778627514839173
415,0.20054897537827493,0.6103199291825294,9.3912273645401e-09,0.00041041283114750225,8.0,0.25284674763679504
416,0.9029309849739074,0.05008413711190224,1.830337792634964e-09,0.0059676497736273594,8.0,0.04830393344163895
417,0.727198149383068,0.8355392780900002,5.307202935218811e-09,0.0274335125024799,2.0,0.1421954959630966
418,0.43067156061530115,0.2757988412082195,3.493097722530365e-09,0.0022750861550007826,14.0,0.15899055004119872
419,0.7541365637183189,0.7048563144207001,7.3970872163772585e-09,0.0008688349975244765,13.0,0.09770277142524719
420,0.08300787746161223,0.14121393571794033,3.903289735317231e-09,0.07187123444259003,3.0,0.2034870743751526
421,0.28288324213027954,0.9947157343626022,7.926424145698548e-09,0.012987202596881953,11.0,0.2974152982234955
422,0.6106021131277084,0.4305781642198563,7.952173799276352e-10,0.00018868257823377298,5.0,0.0037367379292845724
423,0.4723735722005367,0.21666269686818124,5.897957682609558e-09,0.00010450148585596057,5.0,0.06774244308471679
424,0.6752514731884003,0.6524996110796928,2.824372947216034e-09,0.008019505052933277,10.0,0.23344858288764953
425,0.937316995203495,0.4916368690431118,8.80062758922577e-09,0.04943805073900774,4.0,0.1773681879043579
426,0.14128640203177928,0.9260180856585503,2.499217540025711e-09,0.0006652000002420183,12.0,0.12378724515438079
427,0.5430461810231209,0.12291133110970259,8.585671782493592e-09,0.0015643899857572916,14.0,0.22186328172683714
428,0.3714134382605553,0.5611944969892502,2.1394457668066024e-10,0.021031474319820352,2.0,0.07929309010505677
429,0.008135989590547978,0.3317973489761353,6.737689375877381e-09,0.003309526885373765,10.0,0.023176103085279464
430,0.8353508180379867,0.7715360412597656,4.484412372112275e-09,0.00025333336654409587,7.0,0.2780179917812347
431,0.650257204413414,0.9647047364115715,6.330787539482117e-09,0.0003405536502041112,1.0,0.16788931488990783
432,0.4473678112328053,0.4039880288243294,4.868225455284119e-09,0.004702593859572469,15.0,0.13326835334300993
433,0.18580151483416557,0.7387536980509758,8.345701098442078e-09,0.022778264932572893,7.0,0.03965994715690613
434,0.9818207200169563,0.17949274760484696,4.332682490348816e-10,0.001791667163225643,9.0,0.2615331530570984
435,0.3298269440531731,0.873338648200035,9.341835379600526e-09,0.0007195395177779436,10.0,0.013914644345641136
436,0.501463497698307,0.3101757410466671,1.937210112810135e-09,0.0567400844607938,6.0,0.28727710247039795
437,0.8652249219417572,0.5842106795310974,5.959734320640564e-09,0.010766901092084159,12.0,0.19370529055595398
438,0.03801392577588558,0.019592201314866543,2.739355266094208e-09,0.0001488020338605403,4.0,0.10744857788085938
439,0.9240291026830674,0.36228827995061874,7.676993012428284e-09,0.00019427350552734724,3.0,0.11403011977672577
440,0.22164332686364652,0.7976462436318398,1.0240014642477036e-09,0.01564603309060725,12.0,0.18715816140174865
441,0.3978677811920643,0.08853353065252303,6.999645829200745e-09,0.09184970876326654,5.0,0.2435778021812439
442,0.6943904995322228,0.5233960795998573,4.277642667293549e-09,0.0012986244578464723,11.0,0.05757496207952499
443,0.12068392235040665,0.4533571193218231,5.378440022468567e-09,0.0029038355324875406,9.0,0.2693208932876587
444,0.7918240486979484,0.8921216547489166,3.398619592189789e-09,0.04109074548327266,7.0,0.031828797608613964
445,0.5924250369071961,0.24325183488428592,9.922974705696105e-09,0.006136703461306935,14.0,0.0882117748260498
446,0.26471759855747223,0.6825115617513656,1.2777908146381378e-09,0.0004954780455862989,3.0,0.21297556757926941
447,0.5650077613592148,0.808891145825386,7.848082780838012e-09,0.0004568837534931172,4.0,0.05070795714855194
448,0.26847739148139954,0.3745164791643619,8.728251606225967e-10,0.006653175532217894,12.0,0.25048030614852906
449,0.10128377611935138,0.5197710371017457,7.475301027297973e-09,0.037890003827281325,6.0,0.15681812167167664
450,0.8036619599461555,0.08392518369108438,3.82556289434433e-09,0.003148219861119788,10.0,0.1443346381187439
451,0.38605273523926736,0.9041668422818184,5.229324102401734e-09,0.0011979434438897942,9.0,0.20607195496559141
452,0.7137677655816078,0.4644192182421684,3.5717687010765077e-09,0.09961917281758752,7.0,0.09507772028446197
453,0.9202312009334565,0.6782081821560859,9.469293355941773e-09,0.014432985551235922,15.0,0.0015253697521984578
454,0.2490987261235714,0.23993157367408274,1.7518435418605805e-09,0.00021070655857216274,1.0,0.2996619701385498
455,0.8531695522069931,0.39279644921422,6.816360950469971e-09,0.00014480062822094735,3.0,0.23119314908981323
456,0.0571427587531507,0.9525451033115387,4.406532943248749e-09,0.011058337666475623,14.0,0.06996450573205948
457,0.326276511490345,0.1826986227929592,8.507177829742432e-09,0.055214212981852966,7.0,0.12640131711959837
458,0.529158253133297,0.7429276267290116,2.920100279152393e-10,0.000739014516927801,9.0,0.17479178309440613
459,0.15812963958084583,0.2978332749009132,8.878235816955567e-09,0.0017442681030875626,11.0,0.07714525759220123
460,0.9853482872843743,0.8619640569090843,2.4208758771419527e-09,0.023405286159859498,5.0,0.2240464746952057
461,0.6310902514457702,0.024070916863158345,5.820231437683106e-09,0.00457817693018944,13.0,0.28037338256835936
462,0.45946128979325296,0.5877215146422387,2.9025861620903014e-09,0.0003499275889774941,3.0,0.02078048586845398
463,0.019707372587174178,0.6404009521007538,6.037919521331787e-09,0.0002465272975851132,5.0,0.13567026257514953
464,0.8157303700447083,0.20553209137916564,2.6615998148918152e-09,0.003399195345684638,11.0,0.1655207633972168
465,0.5470882174372673,0.9302529884576798,9.263465404510498e-09,0.02046641201403706,3.0,0.2593585431575775
466,0.344202664911747,0.49490371835231783,2.0147894322872164e-09,0.0016067726566401895,13.0,0.041796903312206264
467,0.9644896597266197,0.5497589315772057,8.423738479614259e-09,0.0006475854151528317,14.0,0.28986437916755675
468,0.13728248932957648,0.11050789828598499,3.54745090007782e-10,0.050797643733356324,2.0,0.011291994899511337
469,0.4920168854892254,0.7749859022498131,6.252880096435547e-09,0.007807133020065797,8.0,0.10523968040943145
470,0.6636572202444077,0.3362150550484657,4.946868121623993e-09,0.00010737520873877025,8.0,0.195954430103302
471,0.30982415735721586,0.06237330300360918,9.844452142715453e-09,0.00017398079039018032,6.0,0.1849006175994873
472,0.606343094587326,0.6216258054971695,1.3558278977870942e-09,0.01407983799213129,10.0,0.11625006794929504
473,0.7740359206795693,0.2712514758110046,5.457082986831665e-09,0.06627106214655541,1.0,0.06018684804439545
474,0.07164632653445005,0.8319752097129822,3.3207115530967714e-09,0.0009419298151656644,14.0,0.24099921584129333
475,0.7385215914845467,0.15221503074467183,6.9218909740448e-09,0.0020987581052833372,12.0,0.029683367908000944
476,0.41081031247973443,0.7168405278325081,4.355827271938324e-09,0.029754891180188425,4.0,0.27150648236274716
477,0.2048308741003275,0.42719692888855937,7.754572629928589e-09,0.005505123442754954,10.0,0.21533342599868774
478,0.875967204451561,0.9903513806462287,9.456309676170349e-10,0.00044514060215989336,6.0,0.0858186274766922
479,0.3595063952207565,0.29490041372179987,7.220743298530579e-09,0.0003991526838009687,15.0,0.2758836686611175
480,0.5312951459884644,0.8551257854104042,4.000363945960998e-09,0.0049447157200235,1.0,0.025271496176719664
481,0.8316447942852974,0.007449397131800652,8.10284435749054e-09,0.03310882541241612,9.0,0.08202937245368958
482,0.004281112541444599,0.5671945529580116,6.982190161943436e-10,0.0023392687883035702,7.0,0.21916136741638184
483,0.679083494246006,0.38797392618656157,9.60663378238678e-09,0.0010468214326136637,6.0,0.1312133252620697
484,0.47610240170359613,0.9516208451986313,1.694200783967972e-09,0.07402444659140746,10.0,0.16998106241226196
485,0.15307551611959935,0.16028500628471373,5.091720223426819e-09,0.01260942238603397,4.0,0.22662904858589172
486,0.9491859294176102,0.7244123346805572,3.629158139228821e-09,0.00015660156586074007,12.0,0.07452761381864548
487,0.08695015360414982,0.8758540093302727,8.683986067771912e-09,0.00011989806508170806,13.0,0.006326514668762683
488,0.7582429683208466,0.44000465020537377,3.8802046328783035e-11,0.008673662120340429,4.0,0.2948598325252533
489,0.6222576379179955,0.6635230652689934,6.6394513845443725e-09,0.04570953060974677,11.0,0.20149927139282225
490,0.2943980024456978,0.22914475147426128,4.65963065624237e-09,0.000579779556524746,5.0,0.099651700258255
491,0.8913933593630791,0.7825899825096131,5.760580897331238e-09,0.0014439493125384196,7.0,0.15231753587722777
492,0.1889163754284382,0.34430990552902224,3.038577437400818e-09,0.01836143913153441,9.0,0.14883423149585723
493,0.42660332438349724,0.5109999336004257,8.937928080558776e-09,0.0037907797904620367,2.0,0.055583488941192624
494,0.7232177420854569,0.07124862521141767,2.2849364578723907e-09,0.0002744637994520486,13.0,0.2456060707569122
495,0.7878703175783157,0.12783479042351245,9.165491461753846e-09,0.00031433890650364466,8.0,0.2108435332775116
496,0.11658895783871412,0.6885543710589409,2.034284621477127e-09,0.004105633645267181,8.0,0.09030951261520385
497,0.2530506411194801,0.4165053489804268,6.1361545324325565e-09,0.02609020917385589,14.0,0.03456735759973526
498,0.5809217092394828,0.9757539140582084,2.642356753349304e-09,0.0019410840163627443,2.0,0.266621196269989
499,0.2331847335845232,0.03207903441041708,6.546193957328796e-09,0.0008255627203359346,3.0,0.06499873995780944
